submission_id,train,UE,FE,W
4314_mens,0,,,
3559_mens,0,,,
768_mens,0,,,
426_mens,0,,,
807_mens,0,,,
8756_mens,0,,,
8308_mens,0,,,
7997_mens,0,,,
2950_mens,0,,,
5320_mens,0,,,
6271_mens,0,,,
7005_mens,0,,,
9143_mens,0,,,
2261_mens,0,,,
3523_mens,0,,,
1593_mens,0,,,
1272_mens,0,,,
7536_mens,0,,,
5729_mens,0,,,
594_mens,0,,,
2104_mens,0,,,
1491_mens,0,,,
8008_mens,0,,,
2425_mens,0,,,
7725_mens,0,,,
6166_mens,0,,,
6383_mens,0,,,
8978_mens,0,,,
7686_mens,0,,,
705_mens,0,,,
8369_mens,0,,,
9326_mens,0,,,
7137_mens,0,,,
4463_mens,0,,,
3762_mens,0,,,
9187_mens,0,,,
1335_mens,0,,,
8576_mens,0,,,
441_mens,0,,,
2077_mens,0,,,
8200_mens,0,,,
1079_mens,0,,,
6107_mens,0,,,
8776_mens,0,,,
1458_mens,0,,,
784_mens,0,,,
6915_mens,0,,,
8510_mens,0,,,
4012_mens,0,,,
1663_mens,0,,,
5181_mens,0,,,
8350_mens,0,,,
909_mens,0,,,
3598_mens,0,,,
4861_mens,0,,,
460_mens,0,,,
1429_mens,0,,,
5591_mens,0,,,
741_mens,0,,,
7964_mens,0,,,
610_mens,0,,,
918_mens,0,,,
2795_mens,0,,,
1414_mens,0,,,
96_mens,0,,,
6762_mens,0,,,
1317_mens,0,,,
7597_mens,0,,,
4671_mens,0,,,
1184_mens,0,,,
2402_mens,0,,,
4144_mens,0,,,
5886_mens,0,,,
6785_mens,0,,,
5960_mens,0,,,
9348_mens,0,,,
5437_mens,0,,,
5080_mens,0,,,
1862_mens,0,,,
264_mens,0,,,
4454_mens,0,,,
2388_mens,0,,,
80_mens,0,,,
4209_mens,0,,,
9479_mens,0,,,
2725_mens,0,,,
3365_mens,0,,,
1134_mens,0,,,
4606_mens,0,,,
5968_mens,0,,,
9504_mens,0,,,
3781_mens,0,,,
8151_mens,0,,,
7435_mens,0,,,
2447_mens,0,,,
1539_mens,0,,,
8341_mens,0,,,
3111_mens,0,,,
886_mens,0,,,
696_mens,0,,,
5794_mens,0,,,
267_mens,0,,,
5199_mens,0,,,
736_mens,0,,,
339_mens,0,,,
6345_mens,0,,,
3711_mens,0,,,
90_mens,0,,,
6886_mens,0,,,
3888_mens,0,,,
99_mens,0,,,
3599_mens,0,,,
1427_mens,0,,,
3224_mens,0,,,
7740_mens,0,,,
4744_mens,0,,,
6966_mens,0,,,
6949_mens,0,,,
9357_mens,0,,,
257_mens,0,,,
3400_mens,0,,,
1345_mens,0,,,
4524_mens,0,,,
6840_mens,0,,,
4818_mens,0,,,
9138_mens,0,,,
511_mens,0,,,
6008_mens,0,,,
7562_mens,0,,,
4251_mens,0,,,
8884_mens,0,,,
673_mens,0,,,
3691_mens,0,,,
1513_mens,0,,,
5717_mens,0,,,
5932_mens,0,,,
5744_mens,0,,,
5233_mens,0,,,
3927_mens,0,,,
3022_mens,0,,,
4693_mens,0,,,
5032_mens,0,,,
8644_mens,0,,,
3699_mens,0,,,
5232_mens,0,,,
9341_mens,0,,,
1443_mens,0,,,
4511_mens,0,,,
1093_mens,0,,,
6341_mens,0,,,
6696_mens,0,,,
6221_mens,0,,,
9396_mens,0,,,
7792_mens,0,,,
4393_mens,0,,,
4832_mens,0,,,
3350_mens,0,,,
6521_mens,0,,,
1222_mens,0,,,
5842_mens,0,,,
7126_mens,0,,,
3727_mens,0,,,
4489_mens,0,,,
7082_mens,0,,,
1846_mens,0,,,
6360_mens,0,,,
2756_mens,0,,,
5577_mens,0,,,
6677_mens,0,,,
2272_mens,0,,,
4037_mens,0,,,
2485_mens,0,,,
5454_mens,0,,,
3252_mens,0,,,
1174_mens,0,,,
8055_mens,0,,,
3636_mens,0,,,
6587_mens,0,,,
3203_mens,0,,,
2724_mens,0,,,
1301_mens,0,,,
5535_mens,0,,,
1850_mens,0,,,
4560_mens,0,,,
233_mens,0,,,
4278_mens,0,,,
4546_mens,0,,,
7291_mens,0,,,
2015_mens,0,,,
6697_mens,0,,,
4533_mens,0,,,
916_mens,0,,,
4934_mens,0,,,
356_mens,0,,,
2461_mens,0,,,
7621_mens,0,,,
3985_mens,0,,,
5393_mens,0,,,
8583_mens,0,,,
5267_mens,0,,,
3587_mens,0,,,
250_mens,0,,,
2618_mens,0,,,
3944_mens,0,,,
3112_mens,0,,,
5556_mens,0,,,
8465_mens,0,,,
8748_mens,0,,,
6858_mens,0,,,
1600_mens,0,,,
1640_mens,0,,,
8709_mens,0,,,
4036_mens,0,,,
2514_mens,0,,,
6435_mens,0,,,
781_mens,0,,,
34_mens,0,,,
7873_mens,0,,,
7878_mens,0,,,
7915_mens,0,,,
5754_mens,0,,,
7322_mens,0,,,
215_mens,0,,,
2229_mens,0,,,
2367_mens,0,,,
2615_mens,0,,,
5183_mens,0,,,
2856_mens,0,,,
5184_mens,0,,,
1703_mens,0,,,
6822_mens,0,,,
4316_mens,0,,,
1639_mens,0,,,
4069_mens,0,,,
2496_mens,0,,,
1437_mens,0,,,
3190_mens,0,,,
3554_mens,0,,,
5455_mens,0,,,
1176_mens,0,,,
1303_mens,0,,,
5607_mens,0,,,
2013_mens,0,,,
171_mens,0,,,
3169_mens,0,,,
2525_mens,0,,,
6103_mens,0,,,
1950_mens,0,,,
7910_mens,0,,,
5565_mens,0,,,
462_mens,0,,,
974_mens,0,,,
367_mens,0,,,
6456_mens,0,,,
8446_mens,0,,,
6692_mens,0,,,
7342_mens,0,,,
7866_mens,0,,,
6254_mens,0,,,
9398_mens,0,,,
7111_mens,0,,,
2884_mens,0,,,
5143_mens,0,,,
7191_mens,0,,,
8062_mens,0,,,
2316_mens,0,,,
2631_mens,0,,,
1041_mens,0,,,
6991_mens,0,,,
5033_mens,0,,,
2175_mens,0,,,
3486_mens,0,,,
140_mens,0,,,
7320_mens,0,,,
4890_mens,0,,,
4554_mens,0,,,
617_mens,0,,,
8951_mens,0,,,
8802_mens,0,,,
1313_mens,0,,,
399_mens,0,,,
4067_mens,0,,,
7296_mens,0,,,
4580_mens,0,,,
867_mens,0,,,
6064_mens,0,,,
4622_mens,0,,,
8824_mens,0,,,
8390_mens,0,,,
3152_mens,0,,,
190_mens,0,,,
5720_mens,0,,,
4188_mens,0,,,
7825_mens,0,,,
889_mens,0,,,
4495_mens,0,,,
242_mens,0,,,
6611_mens,0,,,
3077_mens,0,,,
4516_mens,0,,,
274_mens,0,,,
3069_mens,0,,,
8796_mens,0,,,
495_mens,0,,,
2381_mens,0,,,
9056_mens,0,,,
9440_mens,0,,,
5837_mens,0,,,
3372_mens,0,,,
2380_mens,0,,,
4731_mens,0,,,
4566_mens,0,,,
4288_mens,0,,,
2401_mens,0,,,
7392_mens,0,,,
4507_mens,0,,,
9311_mens,0,,,
3260_mens,0,,,
1330_mens,0,,,
7278_mens,0,,,
7021_mens,0,,,
2558_mens,0,,,
5093_mens,0,,,
389_mens,0,,,
5510_mens,0,,,
434_mens,0,,,
3970_mens,0,,,
2670_mens,0,,,
593_mens,0,,,
6406_mens,0,,,
2122_mens,0,,,
7924_mens,0,,,
7602_mens,0,,,
655_mens,0,,,
3785_mens,0,,,
5354_mens,0,,,
3502_mens,0,,,
204_mens,0,,,
120_mens,0,,,
6297_mens,0,,,
8364_mens,0,,,
6979_mens,0,,,
9075_mens,0,,,
9297_mens,0,,,
9004_mens,0,,,
6914_mens,0,,,
5821_mens,0,,,
8281_mens,0,,,
1010_mens,0,,,
835_mens,0,,,
4906_mens,0,,,
5775_mens,0,,,
4770_mens,0,,,
2827_mens,0,,,
1540_mens,0,,,
1633_mens,0,,,
7646_mens,0,,,
2591_mens,0,,,
9432_mens,0,,,
6190_mens,0,,,
828_mens,0,,,
8715_mens,0,,,
6867_mens,0,,,
7691_mens,0,,,
185_mens,0,,,
3642_mens,0,,,
4150_mens,0,,,
3068_mens,0,,,
1393_mens,0,,,
910_mens,0,,,
5079_mens,0,,,
2731_mens,0,,,
8473_mens,0,,,
4340_mens,0,,,
1721_mens,0,,,
4871_mens,0,,,
5220_mens,0,,,
5130_mens,0,,,
3375_mens,0,,,
6003_mens,0,,,
4625_mens,0,,,
4778_mens,0,,,
2017_mens,0,,,
2318_mens,0,,,
187_mens,0,,,
4374_mens,0,,,
2787_mens,0,,,
8273_mens,0,,,
8402_mens,0,,,
8479_mens,0,,,
6057_mens,0,,,
9405_mens,0,,,
8161_mens,0,,,
7843_mens,0,,,
8561_mens,0,,,
5756_mens,0,,,
5678_mens,0,,,
1549_mens,0,,,
7331_mens,0,,,
866_mens,0,,,
7341_mens,0,,,
2350_mens,0,,,
5498_mens,0,,,
2062_mens,0,,,
7104_mens,0,,,
6018_mens,0,,,
9214_mens,0,,,
8922_mens,0,,,
8653_mens,0,,,
3153_mens,0,,,
2992_mens,0,,,
7098_mens,0,,,
6211_mens,0,,,
3042_mens,0,,,
8247_mens,0,,,
6718_mens,0,,,
8667_mens,0,,,
9358_mens,0,,,
58_mens,0,,,
1942_mens,0,,,
3294_mens,0,,,
6042_mens,0,,,
5801_mens,0,,,
2066_mens,0,,,
9335_mens,0,,,
5074_mens,0,,,
4669_mens,0,,,
6333_mens,0,,,
2432_mens,0,,,
4651_mens,0,,,
5697_mens,0,,,
3247_mens,0,,,
5317_mens,0,,,
1091_mens,0,,,
6888_mens,0,,,
2633_mens,0,,,
3289_mens,0,,,
10_mens,0,,,
8110_mens,0,,,
9080_mens,0,,,
5865_mens,0,,,
1359_mens,0,,,
6427_mens,0,,,
8003_mens,0,,,
2355_mens,0,,,
5750_mens,0,,,
4465_mens,0,,,
4080_mens,0,,,
4258_mens,0,,,
6267_mens,0,,,
2028_mens,0,,,
7914_mens,0,,,
2234_mens,0,,,
2024_mens,0,,,
7668_mens,0,,,
119_mens,0,,,
1620_mens,0,,,
6235_mens,0,,,
5895_mens,0,,,
6160_mens,0,,,
1239_mens,0,,,
3168_mens,0,,,
4219_mens,0,,,
4063_mens,0,,,
8300_mens,0,,,
7333_mens,0,,,
6460_mens,0,,,
1021_mens,0,,,
5808_mens,0,,,
2692_mens,0,,,
7856_mens,0,,,
8498_mens,0,,,
5851_mens,0,,,
854_mens,0,,,
7460_mens,0,,,
9071_mens,0,,,
4996_mens,0,,,
9017_mens,0,,,
6660_mens,0,,,
4229_mens,0,,,
8837_mens,0,,,
188_mens,0,,,
6413_mens,0,,,
5606_mens,0,,,
6022_mens,0,,,
3204_mens,0,,,
6901_mens,0,,,
597_mens,0,,,
4865_mens,0,,,
1505_mens,0,,,
989_mens,0,,,
4538_mens,0,,,
6994_mens,0,,,
8895_mens,0,,,
6361_mens,0,,,
4104_mens,0,,,
2502_mens,0,,,
3377_mens,0,,,
9231_mens,0,,,
697_mens,0,,,
9063_mens,0,,,
261_mens,0,,,
5234_mens,0,,,
5275_mens,0,,,
1046_mens,0,,,
6196_mens,0,,,
3003_mens,0,,,
2278_mens,0,,,
6101_mens,0,,,
1743_mens,0,,,
3065_mens,0,,,
5159_mens,0,,,
4449_mens,0,,,
1561_mens,0,,,
9445_mens,0,,,
1919_mens,0,,,
6148_mens,0,,,
6926_mens,0,,,
6683_mens,0,,,
1311_mens,0,,,
3872_mens,0,,,
5012_mens,0,,,
6581_mens,0,,,
4946_mens,0,,,
5632_mens,0,,,
1066_mens,0,,,
2531_mens,0,,,
8996_mens,0,,,
8452_mens,0,,,
785_mens,0,,,
6202_mens,0,,,
5655_mens,0,,,
8085_mens,0,,,
8164_mens,0,,,
6803_mens,0,,,
8232_mens,0,,,
6907_mens,0,,,
2809_mens,0,,,
4376_mens,0,,,
3635_mens,0,,,
6395_mens,0,,,
5098_mens,0,,,
7233_mens,0,,,
6937_mens,0,,,
896_mens,0,,,
3075_mens,0,,,
542_mens,0,,,
7620_mens,0,,,
9128_mens,0,,,
7218_mens,0,,,
2198_mens,0,,,
1804_mens,0,,,
8188_mens,0,,,
1472_mens,0,,,
7237_mens,0,,,
4978_mens,0,,,
634_mens,0,,,
1022_mens,0,,,
6804_mens,0,,,
133_mens,0,,,
42_mens,0,,,
7994_mens,0,,,
2178_mens,0,,,
4878_mens,0,,,
1204_mens,0,,,
3905_mens,0,,,
3911_mens,0,,,
3332_mens,0,,,
3542_mens,0,,,
8380_mens,0,,,
1081_mens,0,,,
2395_mens,0,,,
6275_mens,0,,,
9223_mens,0,,,
5787_mens,0,,,
475_mens,0,,,
1526_mens,0,,,
7798_mens,0,,,
5834_mens,0,,,
8589_mens,0,,,
8372_mens,0,,,
1519_mens,0,,,
4780_mens,0,,,
5071_mens,0,,,
1486_mens,0,,,
5169_mens,0,,,
7550_mens,0,,,
6731_mens,0,,,
2025_mens,0,,,
4766_mens,0,,,
5807_mens,0,,,
1219_mens,0,,,
7627_mens,0,,,
8600_mens,0,,,
5469_mens,0,,,
1652_mens,0,,,
4234_mens,0,,,
6504_mens,0,,,
868_mens,0,,,
1488_mens,0,,,
5198_mens,0,,,
1267_mens,0,,,
751_mens,0,,,
6010_mens,0,,,
3348_mens,0,,,
7377_mens,0,,,
6451_mens,0,,,
4536_mens,0,,,
734_mens,0,,,
1541_mens,0,,,
3634_mens,0,,,
8175_mens,0,,,
2722_mens,0,,,
6852_mens,0,,,
3768_mens,0,,,
8911_mens,0,,,
8924_mens,0,,,
5206_mens,0,,,
4892_mens,0,,,
1714_mens,0,,,
4740_mens,0,,,
9018_mens,0,,,
5979_mens,0,,,
1400_mens,0,,,
9389_mens,0,,,
3990_mens,0,,,
7766_mens,0,,,
2865_mens,0,,,
5576_mens,0,,,
2658_mens,0,,,
3197_mens,0,,,
1380_mens,0,,,
144_mens,0,,,
1961_mens,0,,,
5715_mens,0,,,
1377_mens,0,,,
4172_mens,0,,,
7555_mens,0,,,
3820_mens,0,,,
6140_mens,0,,,
2894_mens,0,,,
5230_mens,0,,,
1685_mens,0,,,
8263_mens,0,,,
8065_mens,0,,,
6079_mens,0,,,
8400_mens,0,,,
8127_mens,0,,,
3164_mens,0,,,
6546_mens,0,,,
1898_mens,0,,,
3473_mens,0,,,
5525_mens,0,,,
8849_mens,0,,,
8011_mens,0,,,
4422_mens,0,,,
4806_mens,0,,,
1033_mens,0,,,
8014_mens,0,,,
497_mens,0,,,
1569_mens,0,,,
9431_mens,0,,,
2945_mens,0,,,
517_mens,0,,,
226_mens,0,,,
1798_mens,0,,,
4474_mens,0,,,
8987_mens,0,,,
5477_mens,0,,,
7064_mens,0,,,
9076_mens,0,,,
1466_mens,0,,,
6030_mens,0,,,
6552_mens,0,,,
346_mens,0,,,
8619_mens,0,,,
8769_mens,0,,,
2844_mens,0,,,
8726_mens,0,,,
4825_mens,0,,,
577_mens,0,,,
1840_mens,0,,,
9252_mens,0,,,
2057_mens,0,,,
3583_mens,0,,,
5314_mens,0,,,
9509_mens,0,,,
105_mens,0,,,
3994_mens,0,,,
2293_mens,0,,,
2979_mens,0,,,
5980_mens,0,,,
1792_mens,0,,,
260_mens,0,,,
4469_mens,0,,,
5_mens,0,,,
2647_mens,0,,,
2022_mens,0,,,
8313_mens,0,,,
7206_mens,0,,,
2852_mens,0,,,
9113_mens,0,,,
6461_mens,0,,,
9116_mens,0,,,
2134_mens,0,,,
5831_mens,0,,,
7874_mens,0,,,
5511_mens,0,,,
2930_mens,0,,,
3313_mens,0,,,
5985_mens,0,,,
7880_mens,0,,,
5264_mens,0,,,
5846_mens,0,,,
532_mens,0,,,
199_mens,0,,,
2508_mens,0,,,
8673_mens,0,,,
2392_mens,0,,,
9429_mens,0,,,
931_mens,0,,,
3304_mens,0,,,
6450_mens,0,,,
7705_mens,0,,,
81_mens,0,,,
7625_mens,0,,,
2457_mens,0,,,
1563_mens,0,,,
8476_mens,0,,,
1098_mens,0,,,
6950_mens,0,,,
4565_mens,0,,,
9420_mens,0,,,
7805_mens,0,,,
2410_mens,0,,,
3666_mens,0,,,
3664_mens,0,,,
3705_mens,0,,,
7906_mens,0,,,
8236_mens,0,,,
1045_mens,0,,,
472_mens,0,,,
355_mens,0,,,
1527_mens,0,,,
9013_mens,0,,,
1055_mens,0,,,
5949_mens,0,,,
2128_mens,0,,,
1745_mens,0,,,
1435_mens,0,,,
6904_mens,0,,,
6819_mens,0,,,
1231_mens,0,,,
3814_mens,0,,,
3852_mens,0,,,
464_mens,0,,,
8717_mens,0,,,
9266_mens,0,,,
4786_mens,0,,,
4010_mens,0,,,
6593_mens,0,,,
4201_mens,0,,,
5278_mens,0,,,
4246_mens,0,,,
1766_mens,0,,,
3417_mens,0,,,
165_mens,0,,,
1157_mens,0,,,
4785_mens,0,,,
5449_mens,0,,,
9494_mens,0,,,
8573_mens,0,,,
5803_mens,0,,,
8516_mens,0,,,
9169_mens,0,,,
1172_mens,0,,,
1146_mens,0,,,
7827_mens,0,,,
2132_mens,0,,,
9523_mens,0,,,
1939_mens,0,,,
8285_mens,0,,,
3403_mens,0,,,
9232_mens,0,,,
263_mens,0,,,
4260_mens,0,,,
8507_mens,0,,,
3116_mens,0,,,
7692_mens,0,,,
3669_mens,0,,,
3331_mens,0,,,
804_mens,0,,,
9016_mens,0,,,
9245_mens,0,,,
7253_mens,0,,,
3773_mens,0,,,
5991_mens,0,,,
5136_mens,0,,,
3892_mens,0,,,
8213_mens,0,,,
3818_mens,0,,,
8954_mens,0,,,
4883_mens,0,,,
6126_mens,0,,,
2109_mens,0,,,
5139_mens,0,,,
6910_mens,0,,,
2951_mens,0,,,
4302_mens,0,,,
7729_mens,0,,,
3221_mens,0,,,
9465_mens,0,,,
9428_mens,0,,,
6665_mens,0,,,
6756_mens,0,,,
7582_mens,0,,,
4992_mens,0,,,
8442_mens,0,,,
6375_mens,0,,,
1025_mens,0,,,
6764_mens,0,,,
5647_mens,0,,,
8545_mens,0,,,
706_mens,0,,,
8344_mens,0,,,
7671_mens,0,,,
7726_mens,0,,,
2907_mens,0,,,
6305_mens,0,,,
4277_mens,0,,,
1445_mens,0,,,
6194_mens,0,,,
5398_mens,0,,,
1113_mens,0,,,
8572_mens,0,,,
8324_mens,0,,,
8812_mens,0,,,
9215_mens,0,,,
2971_mens,0,,,
967_mens,0,,,
6543_mens,0,,,
3736_mens,0,,,
1227_mens,0,,,
6497_mens,0,,,
4824_mens,0,,,
7938_mens,0,,,
1235_mens,0,,,
8354_mens,0,,,
528_mens,0,,,
3710_mens,0,,,
9247_mens,0,,,
5779_mens,0,,,
9120_mens,0,,,
3864_mens,0,,,
452_mens,0,,,
6203_mens,0,,,
1771_mens,0,,,
7819_mens,0,,,
3018_mens,0,,,
6969_mens,0,,,
3835_mens,0,,,
8565_mens,0,,,
6039_mens,0,,,
4850_mens,0,,,
9129_mens,0,,,
3674_mens,0,,,
391_mens,0,,,
822_mens,0,,,
5989_mens,0,,,
1451_mens,0,,,
45_mens,0,,,
7440_mens,0,,,
2747_mens,0,,,
7055_mens,0,,,
605_mens,0,,,
3285_mens,0,,,
479_mens,0,,,
6998_mens,0,,,
1546_mens,0,,,
1270_mens,0,,,
8738_mens,0,,,
1373_mens,0,,,
8815_mens,0,,,
6996_mens,0,,,
7094_mens,0,,,
2828_mens,0,,,
9154_mens,0,,,
1810_mens,0,,,
1689_mens,0,,,
815_mens,0,,,
7143_mens,0,,,
8012_mens,0,,,
8542_mens,0,,,
7334_mens,0,,,
3757_mens,0,,,
9156_mens,0,,,
128_mens,0,,,
9200_mens,0,,,
3946_mens,0,,,
926_mens,0,,,
1226_mens,0,,,
2645_mens,0,,,
3314_mens,0,,,
6380_mens,0,,,
1702_mens,0,,,
1796_mens,0,,,
4249_mens,0,,,
4035_mens,0,,,
2436_mens,0,,,
9323_mens,0,,,
9199_mens,0,,,
5378_mens,0,,,
258_mens,0,,,
17_mens,0,,,
7267_mens,0,,,
3548_mens,0,,,
9127_mens,0,,,
7618_mens,0,,,
18_mens,0,,,
5174_mens,0,,,
6924_mens,0,,,
9039_mens,0,,,
6439_mens,0,,,
1281_mens,0,,,
1023_mens,0,,,
6941_mens,0,,,
5490_mens,0,,,
2874_mens,0,,,
6502_mens,0,,,
8535_mens,0,,,
1234_mens,0,,,
8768_mens,0,,,
1357_mens,0,,,
7674_mens,0,,,
29_mens,0,,,
3797_mens,0,,,
2197_mens,0,,,
4492_mens,0,,,
6393_mens,0,,,
2270_mens,0,,,
2792_mens,0,,,
4579_mens,0,,,
7167_mens,0,,,
9253_mens,0,,,
8397_mens,0,,,
2740_mens,0,,,
8141_mens,0,,,
6258_mens,0,,,
2582_mens,0,,,
6005_mens,0,,,
921_mens,0,,,
8835_mens,0,,,
1476_mens,0,,,
9108_mens,0,,,
8863_mens,0,,,
48_mens,0,,,
5747_mens,0,,,
8541_mens,0,,,
5039_mens,0,,,
1164_mens,0,,,
6553_mens,0,,,
3028_mens,0,,,
9161_mens,0,,,
240_mens,0,,,
1618_mens,0,,,
271_mens,0,,,
5810_mens,0,,,
5957_mens,0,,,
7635_mens,0,,,
1582_mens,0,,,
2004_mens,0,,,
8142_mens,0,,,
8827_mens,0,,,
1583_mens,0,,,
6454_mens,0,,,
3357_mens,0,,,
7648_mens,0,,,
2993_mens,0,,,
8316_mens,0,,,
2880_mens,0,,,
16_mens,0,,,
5743_mens,0,,,
311_mens,0,,,
2108_mens,0,,,
2011_mens,0,,,
5228_mens,0,,,
8049_mens,0,,,
7156_mens,0,,,
6522_mens,0,,,
604_mens,0,,,
2347_mens,0,,,
3089_mens,0,,,
9412_mens,0,,,
9236_mens,0,,,
4791_mens,0,,,
5952_mens,0,,,
5522_mens,0,,,
146_mens,0,,,
7067_mens,0,,,
2296_mens,0,,,
4192_mens,0,,,
6972_mens,0,,,
5587_mens,0,,,
9150_mens,0,,,
3983_mens,0,,,
5752_mens,0,,,
2778_mens,0,,,
9505_mens,0,,,
9250_mens,0,,,
7204_mens,0,,,
5272_mens,0,,,
6532_mens,0,,,
7430_mens,0,,,
1857_mens,0,,,
287_mens,0,,,
9106_mens,0,,,
5035_mens,0,,,
3283_mens,0,,,
8279_mens,0,,,
8102_mens,0,,,
1510_mens,0,,,
6085_mens,0,,,
8966_mens,0,,,
2469_mens,0,,,
9030_mens,0,,,
1050_mens,0,,,
1865_mens,0,,,
1605_mens,0,,,
7886_mens,0,,,
658_mens,0,,,
4428_mens,0,,,
8375_mens,0,,,
1627_mens,0,,,
908_mens,0,,,
6014_mens,0,,,
7326_mens,0,,,
8020_mens,0,,,
7362_mens,0,,,
9246_mens,0,,,
7554_mens,0,,,
5552_mens,0,,,
1525_mens,0,,,
8120_mens,0,,,
7161_mens,0,,,
3547_mens,0,,,
7754_mens,0,,,
7791_mens,0,,,
5226_mens,0,,,
7751_mens,0,,,
5104_mens,0,,,
2284_mens,0,,,
9251_mens,0,,,
4276_mens,0,,,
2032_mens,0,,,
3468_mens,0,,,
3494_mens,0,,,
1071_mens,0,,,
588_mens,0,,,
1722_mens,0,,,
7401_mens,0,,,
1625_mens,0,,,
2772_mens,0,,,
4986_mens,0,,,
6401_mens,0,,,
1606_mens,0,,,
3578_mens,0,,,
4009_mens,0,,,
6255_mens,0,,,
1440_mens,0,,,
8076_mens,0,,,
5149_mens,0,,,
4710_mens,0,,,
3216_mens,0,,,
5261_mens,0,,,
4274_mens,0,,,
406_mens,0,,,
6433_mens,0,,,
1444_mens,0,,,
7095_mens,0,,,
5791_mens,0,,,
8395_mens,0,,,
6787_mens,0,,,
8744_mens,0,,,
6965_mens,0,,,
1624_mens,0,,,
6429_mens,0,,,
7800_mens,0,,,
5531_mens,0,,,
4089_mens,0,,,
6207_mens,0,,,
1565_mens,0,,,
6776_mens,0,,,
900_mens,0,,,
9282_mens,0,,,
2831_mens,0,,,
6415_mens,0,,,
620_mens,0,,,
1922_mens,0,,,
4701_mens,0,,,
9149_mens,0,,,
8898_mens,0,,,
2089_mens,0,,,
5868_mens,0,,,
5331_mens,0,,,
3338_mens,0,,,
3376_mens,0,,,
786_mens,0,,,
2537_mens,0,,,
7169_mens,0,,,
484_mens,0,,,
5395_mens,0,,,
8379_mens,0,,,
4170_mens,0,,,
5225_mens,0,,,
4794_mens,0,,,
5612_mens,0,,,
1781_mens,0,,,
1955_mens,0,,,
2825_mens,0,,,
8720_mens,0,,,
8791_mens,0,,,
4618_mens,0,,,
5681_mens,0,,,
8500_mens,0,,,
7634_mens,0,,,
2488_mens,0,,,
6721_mens,0,,,
3330_mens,0,,,
5666_mens,0,,,
5363_mens,0,,,
6138_mens,0,,,
9418_mens,0,,,
3073_mens,0,,,
4552_mens,0,,,
2513_mens,0,,,
4970_mens,0,,,
666_mens,0,,,
9473_mens,0,,,
1221_mens,0,,,
2437_mens,0,,,
4586_mens,0,,,
9400_mens,0,,,
5156_mens,0,,,
2235_mens,0,,,
9226_mens,0,,,
6835_mens,0,,,
1053_mens,0,,,
4392_mens,0,,,
7239_mens,0,,,
4636_mens,0,,,
7678_mens,0,,,
7883_mens,0,,,
1200_mens,0,,,
7841_mens,0,,,
976_mens,0,,,
473_mens,0,,,
203_mens,0,,,
6485_mens,0,,,
8165_mens,0,,,
1203_mens,0,,,
5630_mens,0,,,
9514_mens,0,,,
6961_mens,0,,,
2464_mens,0,,,
4079_mens,0,,,
79_mens,0,,,
1404_mens,0,,,
9338_mens,0,,,
132_mens,0,,,
8599_mens,0,,,
2677_mens,0,,,
2445_mens,0,,,
1392_mens,0,,,
9414_mens,0,,,
6887_mens,0,,,
3223_mens,0,,,
7663_mens,0,,,
1701_mens,0,,,
6108_mens,0,,,
6641_mens,0,,,
6617_mens,0,,,
8430_mens,0,,,
5099_mens,0,,,
8148_mens,0,,,
9362_mens,0,,,
6177_mens,0,,,
1859_mens,0,,,
2005_mens,0,,,
2997_mens,0,,,
6056_mens,0,,,
6530_mens,0,,,
8935_mens,0,,,
2876_mens,0,,,
7479_mens,0,,,
4502_mens,0,,,
5349_mens,0,,,
2476_mens,0,,,
3085_mens,0,,,
9074_mens,0,,,
9367_mens,0,,,
32_mens,0,,,
3745_mens,0,,,
1967_mens,0,,,
6861_mens,0,,,
2909_mens,0,,,
766_mens,0,,,
392_mens,0,,,
1664_mens,0,,,
5368_mens,0,,,
8212_mens,0,,,
5844_mens,0,,,
7004_mens,0,,,
1379_mens,0,,,
6261_mens,0,,,
7744_mens,0,,,
1893_mens,0,,,
4954_mens,0,,,
2974_mens,0,,,
3832_mens,0,,,
1799_mens,0,,,
6227_mens,0,,,
5975_mens,0,,,
9320_mens,0,,,
7511_mens,0,,,
5153_mens,0,,,
251_mens,0,,,
5856_mens,0,,,
7704_mens,0,,,
7857_mens,0,,,
7141_mens,0,,,
5384_mens,0,,,
1988_mens,0,,,
9007_mens,0,,,
2566_mens,0,,,
6817_mens,0,,,
5170_mens,0,,,
6303_mens,0,,,
1337_mens,0,,,
2342_mens,0,,,
3097_mens,0,,,
7840_mens,0,,,
9468_mens,0,,,
9310_mens,0,,,
1719_mens,0,,,
8103_mens,0,,,
4059_mens,0,,,
5346_mens,0,,,
1729_mens,0,,,
5672_mens,0,,,
470_mens,0,,,
103_mens,0,,,
5934_mens,0,,,
1713_mens,0,,,
6316_mens,0,,,
3966_mens,0,,,
4098_mens,0,,,
3972_mens,0,,,
7901_mens,0,,,
9319_mens,0,,,
8066_mens,0,,,
8174_mens,0,,,
6431_mens,0,,,
8947_mens,0,,,
2998_mens,0,,,
4146_mens,0,,,
1608_mens,0,,,
6524_mens,0,,,
7130_mens,0,,,
5836_mens,0,,,
5259_mens,0,,,
3138_mens,0,,,
474_mens,0,,,
5757_mens,0,,,
2987_mens,0,,,
5179_mens,0,,,
4361_mens,0,,,
3945_mens,0,,,
298_mens,0,,,
3095_mens,0,,,
986_mens,0,,,
6766_mens,0,,,
2666_mens,0,,,
8813_mens,0,,,
7048_mens,0,,,
2944_mens,0,,,
3965_mens,0,,,
9526_mens,0,,,
4360_mens,0,,,
3658_mens,0,,,
7977_mens,0,,,
420_mens,0,,,
3881_mens,0,,,
4879_mens,0,,,
8280_mens,0,,,
1748_mens,0,,,
5321_mens,0,,,
7046_mens,0,,,
8370_mens,0,,,
8289_mens,0,,,
9533_mens,0,,,
6310_mens,0,,,
4660_mens,0,,,
363_mens,0,,,
7861_mens,0,,,
4765_mens,0,,,
6294_mens,0,,,
3263_mens,0,,,
608_mens,0,,,
1464_mens,0,,,
2925_mens,0,,,
3917_mens,0,,,
5006_mens,0,,,
6281_mens,0,,,
8826_mens,0,,,
5249_mens,0,,,
1411_mens,0,,,
4164_mens,0,,,
1757_mens,0,,,
4936_mens,0,,,
648_mens,0,,,
4329_mens,0,,,
305_mens,0,,,
160_mens,0,,,
2349_mens,0,,,
7949_mens,0,,,
8730_mens,0,,,
9460_mens,0,,,
6736_mens,0,,,
2672_mens,0,,,
8640_mens,0,,,
3602_mens,0,,,
8602_mens,0,,,
6339_mens,0,,,
7114_mens,0,,,
5260_mens,0,,,
6668_mens,0,,,
4353_mens,0,,,
3609_mens,0,,,
9299_mens,0,,,
6928_mens,0,,,
3241_mens,0,,,
9522_mens,0,,,
8928_mens,0,,,
27_mens,0,,,
285_mens,0,,,
683_mens,0,,,
2003_mens,0,,,
3123_mens,0,,,
2597_mens,0,,,
6447_mens,0,,,
3900_mens,0,,,
5876_mens,0,,,
7501_mens,0,,,
3173_mens,0,,,
8630_mens,0,,,
3423_mens,0,,,
7174_mens,0,,,
4828_mens,0,,,
1487_mens,0,,,
5387_mens,0,,,
4884_mens,0,,,
265_mens,0,,,
6308_mens,0,,,
4518_mens,0,,,
9148_mens,0,,,
3941_mens,0,,,
4377_mens,0,,,
6790_mens,0,,,
5088_mens,0,,,
364_mens,0,,,
4689_mens,0,,,
554_mens,0,,,
6726_mens,0,,,
9321_mens,0,,,
3880_mens,0,,,
820_mens,0,,,
544_mens,0,,,
7408_mens,0,,,
316_mens,0,,,
8176_mens,0,,,
4149_mens,0,,,
8051_mens,0,,,
2790_mens,0,,,
9167_mens,0,,,
7380_mens,0,,,
8462_mens,0,,,
3302_mens,0,,,
6654_mens,0,,,
4991_mens,0,,,
7483_mens,0,,,
5246_mens,0,,,
2986_mens,0,,,
6909_mens,0,,,
6842_mens,0,,,
925_mens,0,,,
5367_mens,0,,,
3980_mens,0,,,
1481_mens,0,,,
1902_mens,0,,,
5492_mens,0,,,
8439_mens,0,,,
3258_mens,0,,,
8357_mens,0,,,
4561_mens,0,,,
8728_mens,0,,,
5930_mens,0,,,
5434_mens,0,,,
8461_mens,0,,,
9012_mens,0,,,
5397_mens,0,,,
1289_mens,0,,,
4528_mens,0,,,
3217_mens,0,,,
9073_mens,0,,,
5326_mens,0,,,
1351_mens,0,,,
1575_mens,0,,,
3847_mens,0,,,
5753_mens,0,,,
5123_mens,0,,,
2819_mens,0,,,
8335_mens,0,,,
1983_mens,0,,,
7133_mens,0,,,
2420_mens,0,,,
73_mens,0,,,
1661_mens,0,,,
6720_mens,0,,,
3490_mens,0,,,
232_mens,0,,,
37_mens,0,,,
8121_mens,0,,,
8703_mens,0,,,
6637_mens,0,,,
4478_mens,0,,,
3109_mens,0,,,
3849_mens,0,,,
40_mens,0,,,
629_mens,0,,,
8327_mens,0,,,
9041_mens,0,,,
2263_mens,0,,,
4139_mens,0,,,
747_mens,0,,,
8601_mens,0,,,
8626_mens,0,,,
156_mens,0,,,
3778_mens,0,,,
1181_mens,0,,,
7085_mens,0,,,
9364_mens,0,,,
1502_mens,0,,,
8946_mens,0,,,
5637_mens,0,,,
7747_mens,0,,,
7243_mens,0,,,
8761_mens,0,,,
2910_mens,0,,,
8092_mens,0,,,
1112_mens,0,,,
5920_mens,0,,,
7690_mens,0,,,
108_mens,0,,,
8519_mens,0,,,
5077_mens,0,,,
2068_mens,0,,,
3579_mens,0,,,
3913_mens,0,,,
2606_mens,0,,,
2741_mens,0,,,
5406_mens,0,,,
4145_mens,0,,,
3680_mens,0,,,
6795_mens,0,,,
6772_mens,0,,,
1764_mens,0,,,
4485_mens,0,,,
827_mens,0,,,
2617_mens,0,,,
852_mens,0,,,
2581_mens,0,,,
8886_mens,0,,,
1498_mens,0,,,
3471_mens,0,,,
8381_mens,0,,,
7014_mens,0,,,
6878_mens,0,,,
5037_mens,0,,,
8814_mens,0,,,
6555_mens,0,,,
9413_mens,0,,,
614_mens,0,,,
6829_mens,0,,,
9484_mens,0,,,
5547_mens,0,,,
3440_mens,0,,,
2891_mens,0,,,
8596_mens,0,,,
1170_mens,0,,,
8889_mens,0,,,
9192_mens,0,,,
9302_mens,0,,,
9133_mens,0,,,
3323_mens,0,,,
6676_mens,0,,,
2800_mens,0,,,
7348_mens,0,,,
8916_mens,0,,,
9159_mens,0,,,
4514_mens,0,,,
2517_mens,0,,,
1477_mens,0,,,
7118_mens,0,,,
1420_mens,0,,,
5953_mens,0,,,
8245_mens,0,,,
8377_mens,0,,,
6671_mens,0,,,
3_mens,0,,,
3541_mens,0,,,
3450_mens,0,,,
3251_mens,0,,,
1092_mens,0,,,
2257_mens,0,,,
6983_mens,0,,,
1405_mens,0,,,
6866_mens,0,,,
1876_mens,0,,,
8669_mens,0,,,
3231_mens,0,,,
9317_mens,0,,,
6813_mens,0,,,
5182_mens,0,,,
1376_mens,0,,,
2754_mens,0,,,
1348_mens,0,,,
4504_mens,0,,,
5401_mens,0,,,
3761_mens,0,,,
3326_mens,0,,,
2095_mens,0,,,
7473_mens,0,,,
4227_mens,0,,,
4537_mens,0,,,
1993_mens,0,,,
917_mens,0,,,
9293_mens,0,,,
6340_mens,0,,,
3538_mens,0,,,
2214_mens,0,,,
359_mens,0,,,
220_mens,0,,,
8809_mens,0,,,
8999_mens,0,,,
4001_mens,0,,,
1300_mens,0,,,
7241_mens,0,,,
2848_mens,0,,,
8079_mens,0,,,
106_mens,0,,,
9053_mens,0,,,
5544_mens,0,,,
1547_mens,0,,,
7775_mens,0,,,
2600_mens,0,,,
9437_mens,0,,,
5414_mens,0,,,
234_mens,0,,,
6767_mens,0,,,
8421_mens,0,,,
5196_mens,0,,,
1762_mens,0,,,
446_mens,0,,,
5781_mens,0,,,
2549_mens,0,,,
1747_mens,0,,,
6529_mens,0,,,
2317_mens,0,,,
3436_mens,0,,,
7539_mens,0,,,
6734_mens,0,,,
9208_mens,0,,,
4425_mens,0,,,
7139_mens,0,,,
343_mens,0,,,
5157_mens,0,,,
8588_mens,0,,,
7434_mens,0,,,
2586_mens,0,,,
7467_mens,0,,,
9225_mens,0,,,
5596_mens,0,,,
1225_mens,0,,,
5797_mens,0,,,
4237_mens,0,,,
8207_mens,0,,,
9_mens,0,,,
5435_mens,0,,,
1684_mens,0,,,
5216_mens,0,,,
9171_mens,0,,,
7984_mens,0,,,
8751_mens,0,,,
8138_mens,0,,,
4510_mens,0,,,
2849_mens,0,,,
9117_mens,0,,,
1276_mens,0,,,
3584_mens,0,,,
2384_mens,0,,,
8496_mens,0,,,
6618_mens,0,,,
5468_mens,0,,,
8655_mens,0,,,
6912_mens,0,,,
5735_mens,0,,,
4235_mens,0,,,
2000_mens,0,,,
2499_mens,0,,,
1841_mens,0,,,
5761_mens,0,,,
6410_mens,0,,,
1777_mens,0,,,
1431_mens,0,,,
1596_mens,0,,,
2905_mens,0,,,
937_mens,0,,,
6815_mens,0,,,
8829_mens,0,,,
7366_mens,0,,,
6536_mens,0,,,
1423_mens,0,,,
3086_mens,0,,,
7788_mens,0,,,
5343_mens,0,,,
6945_mens,0,,,
4638_mens,0,,,
4292_mens,0,,,
4851_mens,0,,,
4614_mens,0,,,
1783_mens,0,,,
3740_mens,0,,,
5890_mens,0,,,
8231_mens,0,,,
4451_mens,0,,,
9458_mens,0,,,
6586_mens,0,,,
3026_mens,0,,,
1566_mens,0,,,
939_mens,0,,,
9318_mens,0,,,
2742_mens,0,,,
3082_mens,0,,,
3553_mens,0,,,
8157_mens,0,,,
76_mens,0,,,
4198_mens,0,,,
6346_mens,0,,,
4943_mens,0,,,
6233_mens,0,,,
3522_mens,0,,,
1273_mens,0,,,
5867_mens,0,,,
5307_mens,0,,,
1470_mens,0,,,
3062_mens,0,,,
3189_mens,0,,,
6232_mens,0,,,
8676_mens,0,,,
435_mens,0,,,
6735_mens,0,,,
7181_mens,0,,,
5135_mens,0,,,
7796_mens,0,,,
3225_mens,0,,,
9114_mens,0,,,
3369_mens,0,,,
1591_mens,0,,,
2999_mens,0,,,
3898_mens,0,,,
2365_mens,0,,,
2943_mens,0,,,
2341_mens,0,,,
3044_mens,0,,,
7121_mens,0,,,
2300_mens,0,,,
9219_mens,0,,,
8585_mens,0,,,
4218_mens,0,,,
7402_mens,0,,,
3777_mens,0,,,
1932_mens,0,,,
4886_mens,0,,,
573_mens,0,,,
6570_mens,0,,,
1262_mens,0,,,
4645_mens,0,,,
5446_mens,0,,,
5351_mens,0,,,
8871_mens,0,,,
1724_mens,0,,,
2664_mens,0,,,
4619_mens,0,,,
3370_mens,0,,,
1365_mens,0,,,
8797_mens,0,,,
8064_mens,0,,,
3706_mens,0,,,
2610_mens,0,,,
8128_mens,0,,,
2280_mens,0,,,
8345_mens,0,,,
7619_mens,0,,,
1191_mens,0,,,
1963_mens,0,,,
7612_mens,0,,,
7306_mens,0,,,
6938_mens,0,,,
2059_mens,0,,,
9131_mens,0,,,
4407_mens,0,,,
5725_mens,0,,,
4781_mens,0,,,
3510_mens,0,,,
739_mens,0,,,
2521_mens,0,,,
6052_mens,0,,,
4390_mens,0,,,
2142_mens,0,,,
3509_mens,0,,,
3932_mens,0,,,
8799_mens,0,,,
4326_mens,0,,,
504_mens,0,,,
2434_mens,0,,,
8732_mens,0,,,
9046_mens,0,,,
1061_mens,0,,,
3351_mens,0,,,
1014_mens,0,,,
6672_mens,0,,,
6946_mens,0,,,
2738_mens,0,,,
4241_mens,0,,,
899_mens,0,,,
5776_mens,0,,,
8083_mens,0,,,
5506_mens,0,,,
8124_mens,0,,,
8771_mens,0,,,
7654_mens,0,,,
651_mens,0,,,
6434_mens,0,,,
647_mens,0,,,
3930_mens,0,,,
9201_mens,0,,,
607_mens,0,,,
2330_mens,0,,,
621_mens,0,,,
8082_mens,0,,,
1278_mens,0,,,
4821_mens,0,,,
2719_mens,0,,,
8657_mens,0,,,
5334_mens,0,,,
998_mens,0,,,
1826_mens,0,,,
4272_mens,0,,,
2817_mens,0,,,
2179_mens,0,,,
8974_mens,0,,,
7724_mens,0,,,
4984_mens,0,,,
568_mens,0,,,
5019_mens,0,,,
69_mens,0,,,
5922_mens,0,,,
2138_mens,0,,,
2221_mens,0,,,
4473_mens,0,,,
3811_mens,0,,,
3923_mens,0,,,
205_mens,0,,,
4468_mens,0,,,
4220_mens,0,,,
8586_mens,0,,,
1613_mens,0,,,
8135_mens,0,,,
9391_mens,0,,,
9097_mens,0,,,
2305_mens,0,,,
9346_mens,0,,,
4034_mens,0,,,
5335_mens,0,,,
2547_mens,0,,,
2657_mens,0,,,
8267_mens,0,,,
901_mens,0,,,
9503_mens,0,,,
7935_mens,0,,,
5116_mens,0,,,
5453_mens,0,,,
4631_mens,0,,,
7173_mens,0,,,
3531_mens,0,,,
2669_mens,0,,,
755_mens,0,,,
1603_mens,0,,,
7214_mens,0,,,
7957_mens,0,,,
2160_mens,0,,,
1097_mens,0,,,
5432_mens,0,,,
6918_mens,0,,,
8972_mens,0,,,
681_mens,0,,,
1183_mens,0,,,
5714_mens,0,,,
8428_mens,0,,,
3495_mens,0,,,
227_mens,0,,,
1621_mens,0,,,
4306_mens,0,,,
1789_mens,0,,,
3087_mens,0,,,
135_mens,0,,,
7771_mens,0,,,
2474_mens,0,,,
3413_mens,0,,,
5564_mens,0,,,
8423_mens,0,,,
1100_mens,0,,,
8949_mens,0,,,
1738_mens,0,,,
4476_mens,0,,,
7567_mens,0,,,
775_mens,0,,,
59_mens,0,,,
2082_mens,0,,,
6754_mens,0,,,
2427_mens,0,,,
5543_mens,0,,,
4152_mens,0,,,
1829_mens,0,,,
7455_mens,0,,,
2708_mens,0,,,
5529_mens,0,,,
6071_mens,0,,,
6412_mens,0,,,
9005_mens,0,,,
9286_mens,0,,,
3882_mens,0,,,
6935_mens,0,,,
4334_mens,0,,,
5978_mens,0,,,
1916_mens,0,,,
4648_mens,0,,,
6083_mens,0,,,
4068_mens,0,,,
26_mens,0,,,
6821_mens,0,,,
4101_mens,0,,,
1142_mens,0,,,
8707_mens,0,,,
8538_mens,0,,,
6869_mens,0,,,
5642_mens,0,,,
8880_mens,0,,,
5569_mens,0,,,
6805_mens,0,,,
1734_mens,0,,,
3244_mens,0,,,
2362_mens,0,,,
155_mens,0,,,
7789_mens,0,,,
839_mens,0,,,
7566_mens,0,,,
1006_mens,0,,,
323_mens,0,,,
2081_mens,0,,,
9355_mens,0,,,
1900_mens,0,,,
3049_mens,0,,,
4816_mens,0,,,
6049_mens,0,,,
7471_mens,0,,,
4349_mens,0,,,
7497_mens,0,,,
2409_mens,0,,,
4322_mens,0,,,
1418_mens,0,,,
5007_mens,0,,,
615_mens,0,,,
2165_mens,0,,,
3802_mens,0,,,
5002_mens,0,,,
7633_mens,0,,,
6027_mens,0,,,
3104_mens,0,,,
4294_mens,0,,,
2143_mens,0,,,
4576_mens,0,,,
9085_mens,0,,,
5046_mens,0,,,
1801_mens,0,,,
3673_mens,0,,,
6484_mens,0,,,
6201_mens,0,,,
5550_mens,0,,,
1210_mens,0,,,
6409_mens,0,,,
6472_mens,0,,,
4411_mens,0,,,
3212_mens,0,,,
4395_mens,0,,,
7613_mens,0,,,
4464_mens,0,,,
4061_mens,0,,,
7848_mens,0,,,
2532_mens,0,,,
7018_mens,0,,,
4097_mens,0,,,
1696_mens,0,,,
330_mens,0,,,
7201_mens,0,,,
6455_mens,0,,,
2836_mens,0,,,
2690_mens,0,,,
2462_mens,0,,,
3940_mens,0,,,
5213_mens,0,,,
8315_mens,0,,,
6173_mens,0,,,
6561_mens,0,,,
865_mens,0,,,
8989_mens,0,,,
5140_mens,0,,,
8170_mens,0,,,
5746_mens,0,,,
6751_mens,0,,,
5242_mens,0,,,
1611_mens,0,,,
978_mens,0,,,
6743_mens,0,,,
6538_mens,0,,,
3513_mens,0,,,
5824_mens,0,,,
4312_mens,0,,,
2535_mens,0,,,
9344_mens,0,,,
2313_mens,0,,,
968_mens,0,,,
9467_mens,0,,,
6100_mens,0,,,
4450_mens,0,,,
4116_mens,0,,,
4203_mens,0,,,
4014_mens,0,,,
1257_mens,0,,,
5713_mens,0,,,
2641_mens,0,,,
9184_mens,0,,,
2370_mens,0,,,
5171_mens,0,,,
3361_mens,0,,,
2994_mens,0,,,
4882_mens,0,,,
5504_mens,0,,,
2603_mens,0,,,
8417_mens,0,,,
7807_mens,0,,,
4521_mens,0,,,
2054_mens,0,,,
1753_mens,0,,,
7569_mens,0,,,
6093_mens,0,,,
2123_mens,0,,,
7662_mens,0,,,
3193_mens,0,,,
4787_mens,0,,,
8743_mens,0,,,
6437_mens,0,,,
418_mens,0,,,
7560_mens,0,,,
1884_mens,0,,,
9015_mens,0,,,
8832_mens,0,,,
1371_mens,0,,,
1038_mens,0,,,
2644_mens,0,,,
5257_mens,0,,,
297_mens,0,,,
6600_mens,0,,,
8427_mens,0,,,
6176_mens,0,,,
1754_mens,0,,,
5353_mens,0,,,
1211_mens,0,,,
6359_mens,0,,,
5835_mens,0,,,
3353_womens,0,,,
4641_womens,0,,,
5615_womens,0,,,
2428_womens,0,,,
2716_womens,0,,,
1860_womens,0,,,
3153_womens,0,,,
4477_womens,0,,,
5815_womens,0,,,
4453_womens,0,,,
3229_womens,0,,,
2801_womens,0,,,
3390_womens,0,,,
793_womens,0,,,
2212_womens,0,,,
255_womens,0,,,
3435_womens,0,,,
4759_womens,0,,,
4637_womens,0,,,
3885_womens,0,,,
1186_womens,0,,,
1015_womens,0,,,
4092_womens,0,,,
5500_womens,0,,,
4908_womens,0,,,
1202_womens,0,,,
2172_womens,0,,,
1913_womens,0,,,
3217_womens,0,,,
5115_womens,0,,,
5692_womens,0,,,
452_womens,0,,,
1583_womens,0,,,
2215_womens,0,,,
1631_womens,0,,,
5333_womens,0,,,
4515_womens,0,,,
3131_womens,0,,,
4896_womens,0,,,
2681_womens,0,,,
150_womens,0,,,
4606_womens,0,,,
1289_womens,0,,,
5435_womens,0,,,
3752_womens,0,,,
6058_womens,0,,,
5914_womens,0,,,
5223_womens,0,,,
2910_womens,0,,,
5628_womens,0,,,
3748_womens,0,,,
317_womens,0,,,
5068_womens,0,,,
684_womens,0,,,
3290_womens,0,,,
1960_womens,0,,,
5984_womens,0,,,
5744_womens,0,,,
3714_womens,0,,,
3349_womens,0,,,
2933_womens,0,,,
2275_womens,0,,,
5326_womens,0,,,
4628_womens,0,,,
5847_womens,0,,,
4536_womens,0,,,
2180_womens,0,,,
5740_womens,0,,,
4365_womens,0,,,
5867_womens,0,,,
5270_womens,0,,,
4196_womens,0,,,
5670_womens,0,,,
6024_womens,0,,,
1419_womens,0,,,
3348_womens,0,,,
1111_womens,0,,,
620_womens,0,,,
5327_womens,0,,,
5753_womens,0,,,
4032_womens,0,,,
4364_womens,0,,,
6112_womens,0,,,
5515_womens,0,,,
4589_womens,0,,,
4653_womens,0,,,
648_womens,0,,,
108_womens,0,,,
484_womens,0,,,
366_womens,0,,,
4987_womens,0,,,
6093_womens,0,,,
1509_womens,0,,,
2236_womens,0,,,
4366_womens,0,,,
232_womens,0,,,
1845_womens,0,,,
649_womens,0,,,
1711_womens,0,,,
2187_womens,0,,,
675_womens,0,,,
2530_womens,0,,,
587_womens,0,,,
2351_womens,0,,,
1224_womens,0,,,
2122_womens,0,,,
5036_womens,0,,,
654_womens,0,,,
6057_womens,0,,,
1982_womens,0,,,
5714_womens,0,,,
1000_womens,0,,,
63_womens,0,,,
326_womens,0,,,
443_womens,0,,,
3868_womens,0,,,
969_womens,0,,,
5231_womens,0,,,
2673_womens,0,,,
552_womens,0,,,
4599_womens,0,,,
3415_womens,0,,,
5824_womens,0,,,
350_womens,0,,,
1793_womens,0,,,
3066_womens,0,,,
6079_womens,0,,,
1526_womens,0,,,
4290_womens,0,,,
4249_womens,0,,,
1848_womens,0,,,
4530_womens,0,,,
4459_womens,0,,,
914_womens,0,,,
2786_womens,0,,,
5840_womens,0,,,
1504_womens,0,,,
2978_womens,0,,,
563_womens,0,,,
2089_womens,0,,,
2851_womens,0,,,
2892_womens,0,,,
942_womens,0,,,
2155_womens,0,,,
4920_womens,0,,,
476_womens,0,,,
2925_womens,0,,,
1999_womens,0,,,
5432_womens,0,,,
4872_womens,0,,,
6101_womens,0,,,
5618_womens,0,,,
2481_womens,0,,,
3206_womens,0,,,
5080_womens,0,,,
276_womens,0,,,
1070_womens,0,,,
1291_womens,0,,,
3162_womens,0,,,
5317_womens,0,,,
170_womens,0,,,
1499_womens,0,,,
1797_womens,0,,,
1263_womens,0,,,
1760_womens,0,,,
1824_womens,0,,,
1806_womens,0,,,
3854_womens,0,,,
3187_womens,0,,,
3345_womens,0,,,
129_womens,0,,,
5905_womens,0,,,
373_womens,0,,,
1554_womens,0,,,
813_womens,0,,,
1217_womens,0,,,
1389_womens,0,,,
3240_womens,0,,,
3902_womens,0,,,
1529_womens,0,,,
3798_womens,0,,,
5350_womens,0,,,
5365_womens,0,,,
346_womens,0,,,
4055_womens,0,,,
412_womens,0,,,
3414_womens,0,,,
3763_womens,0,,,
1675_womens,0,,,
1968_womens,0,,,
3970_womens,0,,,
4475_womens,0,,,
5281_womens,0,,,
5975_womens,0,,,
3989_womens,0,,,
2735_womens,0,,,
3274_womens,0,,,
6109_womens,0,,,
1003_womens,0,,,
717_womens,0,,,
5343_womens,0,,,
18_womens,0,,,
5593_womens,0,,,
3479_womens,0,,,
767_womens,0,,,
3410_womens,0,,,
1611_womens,0,,,
4928_womens,0,,,
441_womens,0,,,
3810_womens,0,,,
2044_womens,0,,,
267_womens,0,,,
5398_womens,0,,,
779_womens,0,,,
5164_womens,0,,,
2199_womens,0,,,
4782_womens,0,,,
4272_womens,0,,,
4281_womens,0,,,
2426_womens,0,,,
571_womens,0,,,
1094_womens,0,,,
221_womens,0,,,
189_womens,0,,,
3430_womens,0,,,
2946_womens,0,,,
1923_womens,0,,,
313_womens,0,,,
530_womens,0,,,
635_womens,0,,,
1950_womens,0,,,
301_womens,0,,,
3185_womens,0,,,
1830_womens,0,,,
6004_womens,0,,,
5433_womens,0,,,
1272_womens,0,,,
1101_womens,0,,,
1841_womens,0,,,
3320_womens,0,,,
1069_womens,0,,,
681_womens,0,,,
5276_womens,0,,,
1125_womens,0,,,
5755_womens,0,,,
4645_womens,0,,,
1132_womens,0,,,
3123_womens,0,,,
2419_womens,0,,,
1942_womens,0,,,
2842_womens,0,,,
2293_womens,0,,,
5981_womens,0,,,
667_womens,0,,,
1491_womens,0,,,
1746_womens,0,,,
4639_womens,0,,,
2634_womens,0,,,
69_womens,0,,,
2307_womens,0,,,
3118_womens,0,,,
5321_womens,0,,,
1908_womens,0,,,
5878_womens,0,,,
1620_womens,0,,,
5632_womens,0,,,
795_womens,0,,,
5736_womens,0,,,
307_womens,0,,,
5049_womens,0,,,
4702_womens,0,,,
4907_womens,0,,,
265_womens,0,,,
4214_womens,0,,,
6081_womens,0,,,
3679_womens,0,,,
2889_womens,0,,,
1684_womens,0,,,
3960_womens,0,,,
2708_womens,0,,,
1798_womens,0,,,
629_womens,0,,,
1084_womens,0,,,
1240_womens,0,,,
493_womens,0,,,
1610_womens,0,,,
777_womens,0,,,
5422_womens,0,,,
5256_womens,0,,,
2400_womens,0,,,
3047_womens,0,,,
3683_womens,0,,,
6087_womens,0,,,
5553_womens,0,,,
5532_womens,0,,,
3529_womens,0,,,
4982_womens,0,,,
2101_womens,0,,,
5579_womens,0,,,
3771_womens,0,,,
808_womens,0,,,
439_womens,0,,,
2962_womens,0,,,
938_womens,0,,,
3091_womens,0,,,
371_womens,0,,,
401_womens,0,,,
3463_womens,0,,,
3023_womens,0,,,
208_womens,0,,,
4005_womens,0,,,
5104_womens,0,,,
3746_womens,0,,,
707_womens,0,,,
1423_womens,0,,,
3792_womens,0,,,
5619_womens,0,,,
1681_womens,0,,,
2694_womens,0,,,
570_womens,0,,,
4387_womens,0,,,
3571_womens,0,,,
2831_womens,0,,,
1525_womens,0,,,
3026_womens,0,,,
2747_womens,0,,,
2758_womens,0,,,
3114_womens,0,,,
1963_womens,0,,,
551_womens,0,,,
3846_womens,0,,,
828_womens,0,,,
2251_womens,0,,,
3281_womens,0,,,
4783_womens,0,,,
2714_womens,0,,,
6046_womens,0,,,
3567_womens,0,,,
1083_womens,0,,,
2828_womens,0,,,
5816_womens,0,,,
2947_womens,0,,,
5308_womens,0,,,
1378_womens,0,,,
5194_womens,0,,,
54_womens,0,,,
269_womens,0,,,
2194_womens,0,,,
3542_womens,0,,,
768_womens,0,,,
740_womens,0,,,
3156_womens,0,,,
2331_womens,0,,,
3159_womens,0,,,
4424_womens,0,,,
4261_womens,0,,,
4192_womens,0,,,
4705_womens,0,,,
4691_womens,0,,,
774_womens,0,,,
1808_womens,0,,,
144_womens,0,,,
3323_womens,0,,,
1743_womens,0,,,
3956_womens,0,,,
5058_womens,0,,,
5201_womens,0,,,
2576_womens,0,,,
4305_womens,0,,,
3247_womens,0,,,
897_womens,0,,,
5999_womens,0,,,
4742_womens,0,,,
3107_womens,0,,,
2206_womens,0,,,
4257_womens,0,,,
3762_womens,0,,,
3908_womens,0,,,
2108_womens,0,,,
5710_womens,0,,,
5745_womens,0,,,
5786_womens,0,,,
528_womens,0,,,
1225_womens,0,,,
5240_womens,0,,,
749_womens,0,,,
815_womens,0,,,
5295_womens,0,,,
2103_womens,0,,,
115_womens,0,,,
1106_womens,0,,,
4212_womens,0,,,
4221_womens,0,,,
4586_womens,0,,,
2486_womens,0,,,
4504_womens,0,,,
3676_womens,0,,,
1533_womens,0,,,
248_womens,0,,,
5220_womens,0,,,
505_womens,0,,,
4909_womens,0,,,
175_womens,0,,,
1854_womens,0,,,
3033_womens,0,,,
2958_womens,0,,,
895_womens,0,,,
3963_womens,0,,,
5446_womens,0,,,
3090_womens,0,,,
4284_womens,0,,,
1574_womens,0,,,
2270_womens,0,,,
4538_womens,0,,,
3366_womens,0,,,
3685_womens,0,,,
2383_womens,0,,,
5238_womens,0,,,
2157_womens,0,,,
333_womens,0,,,
869_womens,0,,,
565_womens,0,,,
2117_womens,0,,,
4534_womens,0,,,
103_womens,0,,,
2071_womens,0,,,
626_womens,0,,,
2996_womens,0,,,
4058_womens,0,,,
2441_womens,0,,,
5229_womens,0,,,
4657_womens,0,,,
1475_womens,0,,,
1065_womens,0,,,
1922_womens,0,,,
2018_womens,0,,,
4712_womens,0,,,
875_womens,0,,,
4071_womens,0,,,
1906_womens,0,,,
1062_womens,0,,,
2834_womens,0,,,
1141_womens,0,,,
2501_womens,0,,,
1207_womens,0,,,
600_womens,0,,,
3194_womens,0,,,
2043_womens,0,,,
3494_womens,0,,,
2266_womens,0,,,
5475_womens,0,,,
2362_womens,0,,,
1110_womens,0,,,
2749_womens,0,,,
1840_womens,0,,,
1241_womens,0,,,
5113_womens,0,,,
5737_womens,0,,,
2083_womens,0,,,
1665_womens,0,,,
3723_womens,0,,,
2738_womens,0,,,
2405_womens,0,,,
3425_womens,0,,,
916_womens,0,,,
5596_womens,0,,,
2462_womens,0,,,
230_womens,0,,,
3096_womens,0,,,
5787_womens,0,,,
4106_womens,0,,,
3158_womens,0,,,
329_womens,0,,,
1645_womens,0,,,
2004_womens,0,,,
1418_womens,0,,,
2314_womens,0,,,
1133_womens,0,,,
4408_womens,0,,,
2325_womens,0,,,
6026_womens,0,,,
2443_womens,0,,,
4245_womens,0,,,
5965_womens,0,,,
748_womens,0,,,
3176_womens,0,,,
6047_womens,0,,,
1402_womens,0,,,
2032_womens,0,,,
3487_womens,0,,,
5101_womens,0,,,
2844_womens,0,,,
2909_womens,0,,,
5726_womens,0,,,
4752_womens,0,,,
3665_womens,0,,,
3592_womens,0,,,
1027_womens,0,,,
1279_womens,0,,,
3272_womens,0,,,
559_womens,0,,,
3296_womens,0,,,
3104_womens,0,,,
5627_womens,0,,,
4108_womens,0,,,
1066_womens,0,,,
2094_womens,0,,,
254_womens,0,,,
2652_womens,0,,,
5941_womens,0,,,
1596_womens,0,,,
1040_womens,0,,,
2636_womens,0,,,
4190_womens,0,,,
1955_womens,0,,,
3289_womens,0,,,
3409_womens,0,,,
1966_womens,0,,,
3314_womens,0,,,
5044_womens,0,,,
2288_womens,0,,,
1119_womens,0,,,
4054_womens,0,,,
3124_womens,0,,,
843_womens,0,,,
1074_womens,0,,,
4842_womens,0,,,
3764_womens,0,,,
2524_womens,0,,,
4684_womens,0,,,
5794_womens,0,,,
5882_womens,0,,,
5042_womens,0,,,
2561_womens,0,,,
2159_womens,0,,,
2565_womens,0,,,
4020_womens,0,,,
2017_womens,0,,,
3865_womens,0,,,
1676_womens,0,,,
5643_womens,0,,,
467_womens,0,,,
3429_womens,0,,,
4860_womens,0,,,
3834_womens,0,,,
3847_womens,0,,,
4415_womens,0,,,
3598_womens,0,,,
492_womens,0,,,
3574_womens,0,,,
2881_womens,0,,,
3795_womens,0,,,
2779_womens,0,,,
1666_womens,0,,,
2311_womens,0,,,
5961_womens,0,,,
1274_womens,0,,,
5918_womens,0,,,
472_womens,0,,,
363_womens,0,,,
1707_womens,0,,,
4603_womens,0,,,
2090_womens,0,,,
4098_womens,0,,,
4316_womens,0,,,
16_womens,0,,,
4165_womens,0,,,
3845_womens,0,,,
2366_womens,0,,,
3336_womens,0,,,
5562_womens,0,,,
2218_womens,0,,,
4501_womens,0,,,
3276_womens,0,,,
5883_womens,0,,,
2574_womens,0,,,
1565_womens,0,,,
4137_womens,0,,,
2132_womens,0,,,
4463_womens,0,,,
4864_womens,0,,,
5357_womens,0,,,
5007_womens,0,,,
1791_womens,0,,,
4185_womens,0,,,
5480_womens,0,,,
1190_womens,0,,,
4148_womens,0,,,
6002_womens,0,,,
1049_womens,0,,,
2196_womens,0,,,
4880_womens,0,,,
738_womens,0,,,
682_womens,0,,,
2778_womens,0,,,
2649_womens,0,,,
580_womens,0,,,
4716_womens,0,,,
3154_womens,0,,,
44_womens,0,,,
3434_womens,0,,,
5748_womens,0,,,
564_womens,0,,,
247_womens,0,,,
5734_womens,0,,,
1227_womens,0,,,
609_womens,0,,,
4065_womens,0,,,
5216_womens,0,,,
3589_womens,0,,,
3611_womens,0,,,
2885_womens,0,,,
1156_womens,0,,,
5911_womens,0,,,
3285_womens,0,,,
2379_womens,0,,,
5262_womens,0,,,
3375_womens,0,,,
253_womens,0,,,
5796_womens,0,,,
5517_womens,0,,,
572_womens,0,,,
5966_womens,0,,,
361_womens,0,,,
1364_womens,0,,,
702_womens,0,,,
2026_womens,0,,,
119_womens,0,,,
2384_womens,0,,,
4834_womens,0,,,
5085_womens,0,,,
4738_womens,0,,,
3032_womens,0,,,
3048_womens,0,,,
1148_womens,0,,,
1147_womens,0,,,
3405_womens,0,,,
1079_womens,0,,,
1055_womens,0,,,
186_womens,0,,,
4048_womens,0,,,
2661_womens,0,,,
362_womens,0,,,
4847_womens,0,,,
1641_womens,0,,,
2070_womens,0,,,
603_womens,0,,,
4610_womens,0,,,
775_womens,0,,,
2449_womens,0,,,
3180_womens,0,,,
3584_womens,0,,,
3541_womens,0,,,
1112_womens,0,,,
5178_womens,0,,,
2856_womens,0,,,
5671_womens,0,,,
1459_womens,0,,,
4771_womens,0,,,
481_womens,0,,,
806_womens,0,,,
127_womens,0,,,
1859_womens,0,,,
2807_womens,0,,,
991_womens,0,,,
2711_womens,0,,,
3695_womens,0,,,
17_womens,0,,,
4514_womens,0,,,
1880_womens,0,,,
661_womens,0,,,
2623_womens,0,,,
2323_womens,0,,,
3491_womens,0,,,
2110_womens,0,,,
4839_womens,0,,,
462_womens,0,,,
830_womens,0,,,
4626_womens,0,,,
5900_womens,0,,,
3808_womens,0,,,
128_womens,0,,,
3022_womens,0,,,
1381_womens,0,,,
2918_womens,0,,,
5445_womens,0,,,
3271_womens,0,,,
3141_womens,0,,,
2050_womens,0,,,
5507_womens,0,,,
983_womens,0,,,
4022_womens,0,,,
2376_womens,0,,,
673_womens,0,,,
229_womens,0,,,
3224_womens,0,,,
1567_womens,0,,,
1518_womens,0,,,
2654_womens,0,,,
3386_womens,0,,,
2528_womens,0,,,
347_womens,0,,,
4851_womens,0,,,
918_womens,0,,,
1976_womens,0,,,
475_womens,0,,,
3537_womens,0,,,
5706_womens,0,,,
1959_womens,0,,,
4225_womens,0,,,
5904_womens,0,,,
4034_womens,0,,,
4226_womens,0,,,
5817_womens,0,,,
3245_womens,0,,,
1870_womens,0,,,
6025_womens,0,,,
3198_womens,0,,,
3943_womens,0,,,
1213_womens,0,,,
3201_womens,0,,,
856_womens,0,,,
3901_womens,0,,,
5679_womens,0,,,
3997_womens,0,,,
197_womens,0,,,
3382_womens,0,,,
3106_womens,0,,,
3595_womens,0,,,
4046_womens,0,,,
4234_womens,0,,,
28_womens,0,,,
998_womens,0,,,
4158_womens,0,,,
3060_womens,0,,,
6065_womens,0,,,
4404_womens,0,,,
2233_womens,0,,,
710_womens,0,,,
303_womens,0,,,
1338_womens,0,,,
1265_womens,0,,,
1947_womens,0,,,
4646_womens,0,,,
5322_womens,0,,,
4255_womens,0,,,
3924_womens,0,,,
2859_womens,0,,,
2753_womens,0,,,
945_womens,0,,,
4468_womens,0,,,
4624_womens,0,,,
2678_womens,0,,,
4283_womens,0,,,
863_womens,0,,,
2040_womens,0,,,
2944_womens,0,,,
683_womens,0,,,
4833_womens,0,,,
5371_womens,0,,,
4981_womens,0,,,
143_womens,0,,,
647_womens,0,,,
3635_womens,0,,,
1895_womens,0,,,
2497_womens,0,,,
1736_womens,0,,,
5893_womens,0,,,
4143_womens,0,,,
1184_womens,0,,,
3186_womens,0,,,
4543_womens,0,,,
3451_womens,0,,,
2062_womens,0,,,
3726_womens,0,,,
1087_womens,0,,,
4303_womens,0,,,
5384_womens,0,,,
3914_womens,0,,,
935_womens,0,,,
508_womens,0,,,
4816_womens,0,,,
2586_womens,0,,,
3661_womens,0,,,
4698_womens,0,,,
2614_womens,0,,,
4265_womens,0,,,
1883_womens,0,,,
2327_womens,0,,,
3742_womens,0,,,
671_womens,0,,,
4772_womens,0,,,
844_womens,0,,,
4854_womens,0,,,
5822_womens,0,,,
5622_womens,0,,,
5837_womens,0,,,
3735_womens,0,,,
135_womens,0,,,
3334_womens,0,,,
797_womens,0,,,
1336_womens,0,,,
5431_womens,0,,,
2898_womens,0,,,
1457_womens,0,,,
1447_womens,0,,,
5551_womens,0,,,
731_womens,0,,,
1073_womens,0,,,
2035_womens,0,,,
1969_womens,0,,,
2587_womens,0,,,
4051_womens,0,,,
1600_womens,0,,,
2572_womens,0,,,
3204_womens,0,,,
5811_womens,0,,,
2149_womens,0,,,
3673_womens,0,,,
2847_womens,0,,,
4758_womens,0,,,
3472_womens,0,,,
5139_womens,0,,,
1706_womens,0,,,
1862_womens,0,,,
5112_womens,0,,,
5456_womens,0,,,
1392_womens,0,,,
75_womens,0,,,
4437_womens,0,,,
5214_womens,0,,,
4710_womens,0,,,
4765_womens,0,,,
3599_womens,0,,,
5621_womens,0,,,
27_womens,0,,,
4096_womens,0,,,
3195_womens,0,,,
2866_womens,0,,,
1548_womens,0,,,
4435_womens,0,,,
504_womens,0,,,
5572_womens,0,,,
1455_womens,0,,,
4863_womens,0,,,
4500_womens,0,,,
5995_womens,0,,,
1126_womens,0,,,
3889_womens,0,,,
5751_womens,0,,,
2289_womens,0,,,
3830_womens,0,,,
3333_womens,0,,,
4131_womens,0,,,
4053_womens,0,,,
2602_womens,0,,,
2363_womens,0,,,
2111_womens,0,,,
3939_womens,0,,,
2913_womens,0,,,
4947_womens,0,,,
2302_womens,0,,,
1179_womens,0,,,
259_womens,0,,,
5956_womens,0,,,
4886_womens,0,,,
2662_womens,0,,,
1145_womens,0,,,
3753_womens,0,,,
1309_womens,0,,,
5180_womens,0,,,
2790_womens,0,,,
4467_womens,0,,,
3708_womens,0,,,
1511_womens,0,,,
6055_womens,0,,,
2184_womens,0,,,
2439_womens,0,,,
4068_womens,0,,,
3081_womens,0,,,
3962_womens,0,,,
545_womens,0,,,
1683_womens,0,,,
4282_womens,0,,,
1229_womens,0,,,
2045_womens,0,,,
2606_womens,0,,,
6000_womens,0,,,
3785_womens,0,,,
2328_womens,0,,,
2563_womens,0,,,
479_womens,0,,,
5490_womens,0,,,
3291_womens,0,,,
1892_womens,0,,,
4428_womens,0,,,
4456_womens,0,,,
2021_womens,0,,,
5196_womens,0,,,
1562_womens,0,,,
4671_womens,0,,,
29_womens,0,,,
4585_womens,0,,,
5332_womens,0,,,
4897_womens,0,,,
1605_womens,0,,,
6066_womens,0,,,
4194_womens,0,,,
3801_womens,0,,,
3045_womens,0,,,
4142_womens,0,,,
283_womens,0,,,
827_womens,0,,,
4877_womens,0,,,
2527_womens,0,,,
2506_womens,0,,,
841_womens,0,,,
1657_womens,0,,,
4288_womens,0,,,
2609_womens,0,,,
5976_womens,0,,,
3645_womens,0,,,
4483_womens,0,,,
3399_womens,0,,,
2532_womens,0,,,
4980_womens,0,,,
132_womens,0,,,
4732_womens,0,,,
964_womens,0,,,
3731_womens,0,,,
4672_womens,0,,,
3688_womens,0,,,
3248_womens,0,,,
5527_womens,0,,,
5279_womens,0,,,
4360_womens,0,,,
5457_womens,0,,,
4967_womens,0,,,
6016_womens,0,,,
2148_womens,0,,,
6053_womens,0,,,
2382_womens,0,,,
5739_womens,0,,,
5421_womens,0,,,
3949_womens,0,,,
4959_womens,0,,,
5183_womens,0,,,
4503_womens,0,,,
5083_womens,0,,,
1439_womens,0,,,
261_womens,0,,,
457_womens,0,,,
1909_womens,0,,,
2581_womens,0,,,
2381_womens,0,,,
4040_womens,0,,,
1787_womens,0,,,
4938_womens,0,,,
4091_womens,0,,,
4925_womens,0,,,
1154_womens,0,,,
1471_womens,0,,,
1045_womens,0,,,
6051_womens,0,,,
3621_womens,0,,,
4917_womens,0,,,
3233_womens,0,,,
5707_womens,0,,,
1555_womens,0,,,
2545_womens,0,,,
2812_womens,0,,,
3937_womens,0,,,
2777_womens,0,,,
1546_womens,0,,,
2281_womens,0,,,
496_womens,0,,,
697_womens,0,,,
2772_womens,0,,,
5095_womens,0,,,
2393_womens,0,,,
152_womens,0,,,
2179_womens,0,,,
5156_womens,0,,,
1519_womens,0,,,
2409_womens,0,,,
5306_womens,0,,,
5620_womens,0,,,
163_womens,0,,,
4838_womens,0,,,
387_womens,0,,,
4312_womens,0,,,
2671_womens,0,,,
5944_womens,0,,,
1173_womens,0,,,
5455_womens,0,,,
5141_womens,0,,,
369_womens,0,,,
114_womens,0,,,
287_womens,0,,,
1921_womens,0,,,
